object,param_0,param_1,param_2,param_3,param_4,param_5,param_6,param_7,param_8,param_9,param_10,param_11
shovel_head_s,0.1861740941230354,0.5795187019123172,0.7510758368347892,0.0,0.0049808543506075,0.1065571368938958,0.0014875177507163,1.6047262631827064,-0.0006626188796364,0.0159968134439653,-0.0002546191451593,0.054643282861372
shovel_handle_s,0.1700442965277252,0.1728050339332076,0.9468267811345646,0.0,0.014075452253818,0.0233775457868642,0.0003619585891065,1.5706584597833997,-0.0005846105145076,0.0039586856095751,0.0013759461988743,0.0945338198753705
hammer_head_s,0.549866008665478,0.5509962028783306,0.6823500484703307,0.0,0.0063133734786897,0.0101310887523771,0.0320098187288171,1.5461199545224518,-0.2019641781451265,0.2606266730640245,0.0098517244243411,0.0027103176160595
hammer_handle_s,0.3096606273094998,0.310590300695381,0.9440707965947444,0.0,0.0003995357702633,0.0195236947219361,-0.012461523544004,1.5818320079668018,-0.5124860195084784,0.0065529957553175,0.0242539553891028,0.1300026584914477
rake_handle_s,0.0892200158743045,0.0933243290572715,0.8980041144052991,0.0,0.000839484736490378,0.023386634937489447,-0.0009438458555814035,1.572114072655212,0.011117807014725088,0.007545730972883463,0.00032917601382546023,0.04950109912729948
rake_head_s,0.7585455100061158,0.46968588090365593,0.7000922629917542,0.0,0.0009380070572300186,0.008957595588990931,-0.004331850759480621,1.97065415679247,0.023300437306129542,-0.07690769480297621,0.017328803967903195,-0.5345589636643525
