object,param_0,param_1,param_2,param_3,param_4,param_5,param_6,param_7,param_8,param_9,param_10,param_11
shovel_head_s,0.1861740941230354,0.5795187019123172,0.7510758368347892,0.0,0.0049808543506075,0.1065571368938958,0.0014875177507163,1.6047262631827064,-0.0006626188796364,0.0159968134439653,-0.0002546191451593,0.054643282861372
shovel_handle_s,0.1700442965277252,0.1728050339332076,0.9468267811345646,0.0,0.014075452253818,0.0233775457868642,0.0003619585891065,1.5706584597833997,-0.0005846105145076,0.0039586856095751,0.0013759461988743,0.0945338198753705
hammer_head_s,0.549866008665478,0.5509962028783306,0.6823500484703307,0.0,0.006313373478689723,0.010131088752377145,0.03200981872881719,1.5461199545224518,-0.20196417814512657,0.2606266730640245,0.009851724424341192,0.002710317616059503
hammer_handle_s,0.30966062730949984,0.310590300695381,0.9440707965947445,0.0,0.0003995357702633618,0.019523694721936182,-0.012461523544004063,1.5818320079668018,-0.5124860195084784,0.006552995755317578,0.02425395538910282,0.1300026584914477
