object,param_0,param_1,param_2,param_3,param_4,param_5,param_6,param_7,param_8,param_9,param_10,param_11
obj_prism_short_hollow,0.3634514038337504,0.3677646399796416,0.9363991228759182,0.0,0.0052360313499591,0.0113165156641478,-0.0018635126170981,1.55990475157924,-0.0062959873470613,0.0037308155638019,0.0039517939552099,0.0125190901797292
obj_axe_handle,0.0689814691744448,0.1483063393898478,0.9176227427056246,0.0,0.0007068659887254,0.0151851601982963,-5.745319048242247e-05,1.5694995154252682,0.039625491286618,0.0075790711885567,0.0060404349171257,0.0537795006608025
obj_sphere,0.9024338074487148,0.907739002155883,0.9135729835069536,0.0,0.9581626827301134,0.9563523493100656,-0.8747445198154853,2.1812807250748394,-0.498035031382706,0.0010856594151389,0.0035248557678389,0.4530397044187459
obj_disk,0.929378057732569,0.9232922187219602,0.4678848349571588,0.0,0.00022466619431862206,0.9895980365409777,1.4290191774818595,-0.018077134086827946,-1.0726169947505064,0.004755654689269451,0.018522550449904043,0.4383650810427083
obj_prism_short,0.2698009131534532,0.3798398523467573,0.9462732769352976,0.0,0.014706838800192513,0.009765158653331952,0.01700077240090697,1.555180120135472,0.0021725256351803612,0.015194594500369724,0.021808156162387755,0.17131017486687622
obj_prism_long,0.09532771115296139,0.19019990435839507,0.9439432797265875,0.0,0.006751318678369626,0.00019817861456876995,0.004555579249462453,1.56850083770505,0.05700718930076974,0.020445167878856287,0.007773676338025778,0.07247079614113423
obj_sphere_half_hollow,0.8265698748486165,0.8248104434477463,0.20211504231679803,0.0,0.0007364962705052147,0.9375934173027113,119.0432671349798,-0.007563627111795449,-119.2502944609798,0.03283640327360924,0.017178468246023138,0.0650688458444496
